code,name,province,city,address,postal_code,landline_phone,mobile_phone,latitude,longitude,source
tapin-semnan-1,دفتر پست شهید رجایی,سمنان,سمنان,سمنان خیابان شهید رجایی,3513674686,02333348602,,,,https://tapin.ir/map/semnan.pdf
tapin-semnan-2,دفتر پست تعاون,سمنان,سمنان,سمنان شهرک تعاون بلوار مدرس,3514853751,02333442339,,,,https://tapin.ir/map/semnan.pdf
tapin-semnan-4,دفتر مرکزی پست گرمسار,سمنان,گرمسار,گرمسار بلوار شهید بهشتی خیابان حبله رود جنب اداره گاز,3581755888,02334202122,,,,https://tapin.ir/map/semnan.pdf
tapin-semnan-5,دفتر مرکزی پست دامغان,سمنان,دامغان,دامغان بلوار شهید مفتح نبش چهارراه چشمه علی,3671937831,02335245555,,,,https://tapin.ir/map/semnan.pdf
tapin-semnan-6,دفتر مرکزی پست شاهرود,سمنان,شاهرود,شاهرود بلوار هلال احمر,3613988951,02333244609,,,,https://tapin.ir/map/semnan.pdf
tapin-semnan-7,بسطام,سمنان,بسطام,بسطام بلوار آیت الله بهشتی خیابان شهید قندی,3631997478,02332522878,,,,https://tapin.ir/map/semnan.pdf
tapin-semnan-8,بیارجمند,سمنان,بیارجمند,بیارجمند بلوار جهاد جنب کتابخانه عمومی,3661613535,02332673284,,,,https://tapin.ir/map/semnan.pdf
tapin-semnan-10,شهمیرزاد,سمنان,شهمیرزاد,شهمیرزاد خیابان بهشتی جنب مصلی,3571685351,02333662555,,,,https://tapin.ir/map/semnan.pdf
tapin-semnan-11,مجن,سمنان,مجن,مجن میدان اصلی جنب بانک مهر,3651635953,02332573210,,,,https://tapin.ir/map/semnan.pdf
tapin-semnan-12,میامی,سمنان,میامی,خیابان امام رضا میدان بسیج ابتدای کوی گلها,3631973311,02332622240,,,,https://tapin.ir/map/semnan.pdf
